,filename
1,24c7496c-d7635dfe-b8e0b87f-d818affc-78ff7cf4
2,78711a04-264d5305-d5feec9b-ebef1cec-fdc6db9c
3,a770d8d6-7b6a62ff-815ab876-c81709a8-9a654a54
4,8e457921-bc1af8aa-a65073c1-aaac8247-c5ceb780
5,62fe5d5a-1806ee3c-f4e742fa-f2b036ea-d390057a
6,64beda42-873c8a44-3d9d3073-33372d32-dee84707
7,748991dc-fb330cd1-fc203d00-b89b5ccb-7995b475
8,e5d1f575-e201925f-3d0faf91-7c8d8e98-b2550d52
9,f0266425-1de60bab-cabee003-da9aa11e-49a31ace
10,6ff76a0c-49246bc5-a7c149d1-59dc38d9-c11b7ec7
11,a98992a8-76848c0d-bfe0b4a0-d4e1b76d-85014951
12,d978970a-5331f2f1-940f4bea-9da9bbf3-4724f2cf
13,310ed1a6-ee306bc9-07d8d696-d5e3caa3-37749a62
14,689f0cd0-ee982281-95438dd2-a6b493b7-d50387b7
15,16f5aeaf-af11419f-546aee0b-057c73aa-0b8059e5
16,bfab2672-a24df0b6-c212efa4-c56b045e-3d632a6f
17,423ee43d-f6a9c3da-8a9123bb-8ed0b71c-d1a8307a
18,826178de-61e5f340-cd1a808b-301b85ff-22320d04
19,5fd035ac-723fbf8a-77e59450-caf8e9e0-47cc2d15
20,edc60628-709804d5-57432799-f6d8d8e0-29acc87a
21,9e0f43ce-e271210d-7c523831-4e0f048f-d24c9791
22,b8bb81ee-9c483dcc-f098b7ee-b6d322c2-fc0acafa
23,48ea8677-1efbb0d6-ea18ca14-7e666899-5dc4d590
24,434c6923-7fd109e9-4b3f4c2c-ef699856-449423a0
25,e038209a-7037db66-3c05d8f0-873464e5-88e341cc
26,90d1995f-04a93c24-2411cc2a-826a47b7-4e46726a
27,a439aa5a-bb7de25c-957b50e6-84b63133-744396b1
28,b218eb2f-6320579e-d252bc64-600f711f-ec4a3b0f
29,e3133817-7148e980-56de28e7-f009c792-a69f8592
30,12d44b9c-023c1c95-9ed6fc07-ca424c43-294fea29
31,05af2f67-a2b15808-de7dbcbb-2f89d568-7625fb4c
32,87656c5f-45ca946e-301450c2-2df8bc26-57f13466
33,7bd804a4-a4e1578c-9d52b98a-8f5fc53a-52448578
34,300c371a-1deea810-8bcad6a8-d5fb19b3-1ae4b216
35,cb4cba12-f6033f8c-7f26f63f-5944238a-77d453fe
36,53ba5a31-2d6bda0a-abb7ad77-065a0f20-b4fa6b44
37,563b4fb8-f47e2609-e2619e81-cbb68278-ff457903
38,d18c2121-5b01211d-80b23963-bbd7968f-c845487b
39,d800100e-3c9881c1-749eb770-e1011921-222f1146
40,4f7398d9-c6deb83c-03ffaffc-a69cc0c7-b59ad58f
41,b1590452-531b270b-8d9d901a-2a7ef0dc-f9c86bcc
42,4a34ac5c-23be6056-8dcd2cb2-7ec239e8-876460ff
43,c16e7d5d-3bc8325f-20b37195-05637979-a5992ffc
44,7b575831-0efcca02-fbd398fd-75bee4e9-dd6de8e2
45,bf4d4e01-737a6f24-1de21a99-56727f12-9459b4e5
46,1a9b3b82-402d9e19-445679da-a0accb94-ebc21d66
47,0c1c6a70-a96f5b27-5d042944-6b49b3b3-fd6a8293
48,35b38176-7166305c-c32a6a5a-dfa23c24-9f6e2f16
49,6532e08d-e9ea6312-25dd1367-33e86611-56a760ce
50,8fee3131-b4a9ff32-a4d59759-836cefc5-f2834f24
51,164e2ff0-c6468822-16bc7399-fcad73a2-e2420936
52,1d1cf1c0-41ce88bf-faae528b-ad97724c-c802411b
53,3b6ab05d-4720a6c7-53116498-68a3ecc3-0c16b109
54,e077865d-8cb0a92e-436a67b3-acad26ec-8b1b74d3
55,116c787f-3423c257-151f5943-ae7bd2ff-b7f0c496
56,08769631-1f95c38a-af801b03-48492ec0-03efd987
57,bde661e2-5b791c44-745d0795-add530f9-497c01c6
58,aaa9fd12-0b1302ff-a3b9c239-d493226b-0e330906
59,1e4d4d01-657d797c-f09f7a14-cc14e092-909e66b8
60,9d9cf045-134d30f9-ffba3d5f-3a145094-80569824
61,f6b04844-aeba962c-2e19f557-468840fc-8eebefde
62,ecdcd18f-8dc1dc75-7166c1b1-4b31dfaf-d3cf9e9f
63,d5733e12-c8dcf091-45f17b61-2a47d8e7-27b815b6
64,10072f0b-fdaec971-7b0f1352-fa8dec52-750355d9
65,495c3377-b2732627-3a66bc29-2a98d518-8b8dd6e7
66,b50f02c3-6e3abfe1-2f497952-6119b2b1-ecdb11ef
67,de692171-a620e239-de282eaf-e448d994-0d961f61
68,67cffbc1-8c5a9b31-d91c6a78-95a07a25-1f2e8c7a
69,4190d70f-dfa53c01-56ca25d3-eaa366ff-cffb3b6e
70,04ede4ec-d9229c98-17b38762-aab71a1e-91ac30e9
71,92ca8ae9-3cd416c1-c8b97c65-2d1a7560-3a11ae68
72,2c466a34-8db99db4-27bcd765-38a47cbd-3a16cc3e
73,bad82dc0-043787f4-4032ae91-182fa461-a4766c45
74,9d9fb987-22300af6-24c1c9fb-b4140afe-7ee3981b
75,9c091aff-03c78569-de7a251d-f2a35adb-ff89fa02
76,825df16f-781b2756-17dc7de1-0a96d311-6f5d9674
77,76fd585c-242d423a-47acafcc-7ce402c7-645f6920
78,1488f154-0f98755c-d3ae69fa-6538878e-e4ccee0c
79,80aad8eb-4d7606d7-7d32f321-3388a97f-a3bfd76f
80,313efdfd-dbe18f7b-a7dad16a-5cbbdeb7-65b4fe7c
81,e5f5c090-09b7a708-82fcdee4-9f869d74-ca3d40a8
82,5781b7d7-ed9be938-99ed0f1f-2be19ed3-21600206
83,37aa0f6f-1488917d-998db25c-21121e63-f8257e9a
84,3ba88000-f193ac46-54f3c8a6-a9e148c1-f8860296
85,78c04a6a-e5b8c8f3-43d03217-13036342-bf328551
86,5fb95394-cb6e0b75-4b543f77-f8a8b286-4f9a8ea6
87,60e4469d-4a7d0847-62f1f56d-e5606855-b7bc282e
88,e4228cfd-43848585-130cdb34-1a40f83d-10a15006
89,7e28768c-2778bdbb-ccf809fa-856ba986-61e4b0cf
90,d9fd52c8-f9e142f5-8d8e4431-e8c4981c-bf4c21ca
91,49fbbb95-26d86ddd-40b1c80e-a1a476c9-79d7f56b
92,af27ef32-abc03091-6b4ba29d-20e782f5-8adbd2b1
93,4f2511df-20bb1886-1fe1fe5c-55a6e85d-bb387be9
94,32b99644-727466d9-39f06e69-12edef4c-b39d2f1c
95,697e7c29-967f1ed6-da9087c9-c247108c-91ab5423
96,d0ad933b-0ff0fa4f-bd6b669d-a0931003-7ea00aab
97,e8bc2bd1-549efb3d-001ba3a3-ece3b4f9-897ba73b
98,04e59995-17d62fda-72b5c109-5316e340-8709c814
99,6f830b29-33ab5b61-2966aefd-4d1bdf6f-f582013f
100,97d6f7dc-8ce699bc-9c5507fe-27e5bea5-ae40c5db
101,955211b8-735186c6-69e732c9-36206c53-a584f3eb
102,56340622-1073df08-d9796d8c-7998c25b-82d5a228
103,b66ea3a6-4a3de1b7-b29dea55-9654c9ea-28c9654e
104,c02519cc-a87165e2-bb9f94ef-e222ebdc-c83543c2
105,8941d4e4-0bdfb1b7-9193cded-17511ee6-e48bb193
106,91a45e29-dec09d3b-67e76f7f-bc7db2da-2a8e4e9f
107,18f65381-b889a00b-6d1eba00-7aafe028-3e4f4e43
108,64c4e422-be915998-2af401d2-eceb68d6-2635822e
109,cd9ac5f8-ecb5d0c1-268d1c67-15fe9467-44310764
110,7eaa380d-cc85a446-6b0ae8ec-84695181-190f2cbb
111,29bdb8bb-bacbe53c-f4a892e6-3cfc384e-bc7b3897
112,76879843-e39926e3-e0fc6b01-e96605ba-c71000ad
113,7380429b-0d46e222-7c318aab-a2f09e96-28c41db4
114,1ee2d35c-f1d77803-ced6fd7a-49d688ad-6f3d0863
115,108277e6-06cfd568-24780aaa-c7ae8016-9ee8e98d
116,77b9675e-607fe182-683235d0-fc8ec8c3-20056293
117,b20d9608-d40c153e-bf5fa671-e91fdd63-2d09dabe
118,97f9e659-1f8fce68-1c9768e8-9c00fd26-b1cf97bf
119,82431bc9-d7b7a662-9bd5a0e9-9fd674a0-c6183986
120,ed2bdd87-4df152f1-16eaf94a-28e824a5-1ad5c285
121,7bf419b0-976546b7-d9dbeb7d-39b64e63-e9b6e0c5
122,d70b91c3-1768b82a-d879f901-3cc210d8-301e4fab
123,4f1cd404-bf4593f7-deb86b7e-f7188c1b-67ed52b7
124,4d60e5c5-05733df0-c7d251ea-f46bf386-6b77ff30
125,8c66695b-7f9c3059-69b8dda7-32b48649-6336ce23
126,e0164064-fd978a90-83a2ae51-1f6ac5b5-a0fd4563
127,bae7dc92-76ff6b9b-d518515a-9dabb2b3-8390440b
128,a9d228dd-3ba32abf-0c20ebc9-7266926f-c1c66386
129,85373b54-91aae9e2-36acf42c-4da24d55-cd2f75de
130,5d8376c9-c2f00b33-70f5442d-1acfb43e-f89287bc
131,b966a2fd-63cd10f1-f98c4e5b-b897fa06-a1520bac
132,ca0703b6-471e7472-7f5552d9-8eca63e7-c68fc779
133,b9735fbc-785a747f-60acc81c-5b977faf-0c57c2bc
134,4d9fc35b-ef8fd357-7e1431a5-c63bc6d6-0bd538b9
135,483e688f-2c933528-78551593-cd8fc42a-72115dd6
136,293fca34-b49ffe0f-52f4185e-1dd82a6a-7976d653
137,a63f5408-77a1d873-4fdda1aa-db9d4497-69a747a7
138,62f2a462-83750eca-c384d41e-51503453-7459f59d
139,3886caca-be633d03-fc93f41c-7aea5d72-8097ccbf
140,06d04a87-317d0d39-0da4f574-7c8f30c2-150c9a35
141,1cf686d5-e11b9bc3-4ed29c63-c185bbaf-0471c32c
142,7dbe5d5d-5b628f9e-d2737d8b-785fd8c1-b5008beb
143,2f1093d1-c43e5d18-c628a586-4f6d2ec5-99f1b19b
144,4371f43e-0bdf7fc4-59c607ee-bdc5802f-0a9c87c5
145,76795789-7203aec5-f390808e-5b18a2a8-741eaaa1
146,27d78392-c6742897-792df26a-12210f36-65052f2f
147,50e435b3-ae9bd66f-5e03b322-63aafaf0-88f98267
148,41b99b08-1b9ec92a-def8774b-2b370eb3-57edb2a1
149,167b9e80-79811a3f-d7011098-6a161495-ffea1eb6
150,21623c38-beaea57c-51b5d832-13b98bc4-d3f26316
151,42e4bff5-0068470c-844699c2-1b48b19c-2edc684d
152,010fa20c-6ac04c8a-f6d4bc0b-eb1e735c-cd940793
153,240307d2-50f9615b-f117a830-58c87454-21761fe3
154,ba08fe4f-7e90f2af-23ef01cb-83d829be-6719fb04
155,dabf8dbc-7dca236c-383efe20-b20af97c-a551064e
156,e0a67b18-d252df4c-7f9a1dce-89425ea5-0883255a
157,66bd9def-38e25be7-51393468-bd26f7d5-7ed07fd8
158,89fa5b3e-b7397022-15284035-4dfd236e-4feb14f1
159,46b6d27f-05fc0509-a106934d-8b60e412-be2d97bb
160,a8dd50cb-870ba2e5-92320fde-c001c726-d5391c40
161,993c74b9-3df74d56-9c288e7e-716b8182-6ab04744
162,75584692-e6c699a3-dbbed0f6-233766d6-c6cf6201
163,c8353ac7-ff4a8246-ee81df77-7c474709-ff10487d
164,958653fa-56af9e10-318e69a7-abaf2cc0-62e382de
165,ea543c1f-a2c5721c-d49e3110-946dde27-06a1f23f
166,169198cb-89fad607-7a839c49-21fef2af-a7a3d61d
167,e282f3ae-019457a8-c1ef4c1b-9bda8212-7e3754ef
168,ea65fa2f-69dd5c13-4774e0ab-f0e320d4-a99d6e57
169,b1dc00c1-529b01aa-15739ab5-54f2d242-71c227db
170,e276b74c-ead369d4-94ec0d06-8b5db80d-f57cfca8
171,548359a8-26a276bb-59ef0a1b-e55f614f-76ad2967
172,5b81c9d9-8dc06256-fd38d743-9ef2bad3-62e4493e
173,1001dcae-9acd722f-9878d637-566df0d5-bad1d05b
174,b8d59f8b-a58efaf2-9c361139-8ce4f7c1-6f948185
175,d6a6d523-9a51040b-07bb47eb-44feb4bc-ca64ca95
176,98abf2b0-f5bb429d-ae9eca29-8bc68f22-761cd959
177,b3f62932-1b88ae41-8ab9bd6c-0a5933f9-a02bae17
178,505bf24a-54f182eb-5fbe2c82-3d386c14-ff48de1c
179,b9e1f8ba-fe14fbd4-3d72ef71-a40df34c-c593a140
180,93e2a0ce-745584e8-d7956043-a4f8aac0-d94c8979
181,2b98791e-59dca4a7-d62cd907-a81f3bf8-3fe8cd44
182,7db91e2b-368caa3f-ff0efeb0-6d728ca6-ce10770f
183,0b79395e-dccedfe8-af5b2694-f13872f0-516e4c8b
184,124760a1-6185f791-8672a86d-cfd9973e-38019b15
185,d0a84d01-6f5290cc-6a3dfba2-bb943242-c73eda56
186,bec800a6-75022025-be53526b-0530bef5-3a917240
187,c422eb6c-0533ed7e-3fd19570-0ce5ca14-e48009ef
188,be1c605b-4adb1794-83dc07ac-411ddd9e-bb43bf0b
189,f95f730a-28f10e3a-f482484b-6efe8e38-1a69556d
190,5dcc63b5-8adb28b9-2d439843-cfa4d608-d49b24f5
191,536c20fc-7f7f3bc9-7465280f-52793c2f-3f255583
192,6141d5d9-bd01231d-d0411988-05c25fd6-3b8fe873
193,e02c74b5-7e6db77b-ca664972-b7202c10-53116e66
194,82d5a3d8-2f970d43-fb64e8d0-5cc19bb2-876f5ee6
195,abeadb64-7b85cbc9-fa076434-0829230d-a557441e
196,a502d333-653fc256-d147e2f7-080a78fd-83815270
197,26f3c3e5-18ed00de-2c781de0-5b7c75eb-bdba73ef
198,6ff01e4a-b6b5b57a-2c3850ed-700e5222-ea48deb9
199,72b14f8a-884d72e2-688e6a5f-a3c2c0a9-e11f1bd0
200,9c2efd7b-99676c6a-f4156fb6-e659b8b7-bc4ba8ee
201,f7f74c0b-8a3d9fa8-e2ea2c04-0bd0ebb5-0ee08fff
202,a8c685a6-4e2d1a2c-e84325b2-77abeba9-bd93898c
203,6e645227-3da296d3-bc2582e8-874ff97e-6b94a3e6
204,4c52c619-3d060093-a32dbfea-64bd3d30-081d8712
205,bc5c99e7-b030e11b-3cb79d2f-e5276090-0f6b39ee
206,4f69aa4e-728ec4e3-2638f625-f79c6003-b3fc8e94
207,a2388274-59bf6847-bbcf9bdb-f3ff99b4-2eacf4bf
208,d0a46ff3-57e800dc-4530128d-a6213484-d47f4ac7
209,1dd3b6d5-d1e8415f-83e632b9-a7749c0b-2068d7fe
210,a7e32449-51040c28-5edc730c-7f5183af-1382b930
211,1a76d543-820061d9-ab9b7336-4c3a9887-440eb40c
212,82f4a5b3-0e5b5d18-9a51c1bd-a8dd65c2-11ef52ec
213,b4f219eb-0bdbf37a-c33e70a8-385ac112-2f486ffc
214,335a3b0d-d4a5fcb5-8c972780-8f00529f-e3467c14
215,82452f13-034d049f-5aa676e8-d7b29bcb-d397abdd
216,f0256c5c-a68a55ba-51e7cc78-c6aa82eb-7d0eb5fe
217,3f95c6e3-9f6fcc05-02a02033-3492a6f1-88ffa8a1
218,4af5c05f-da19ffd6-3f46518b-f3b0e2f9-15714b00
219,cfdb6a4d-ffbf81ec-f7dd99b3-7e946aa0-86802004
220,4251b0b0-076edaa0-79d979c8-bf626404-a277d10a
221,adf00342-082a0f62-1d09e92d-401e232c-84532823
222,6f40a44c-dffd7887-916dda68-807d1807-fc951a1c
223,8732ed91-3ec48d28-38bcbebd-1aba8bbb-49c3e189
224,2a2992bc-ce749b7a-090a94a3-80d7d59c-039fc25f
225,7581ff4c-bc45f56b-fab6f3bb-6886b97d-9d925d25
226,9fca2290-0a9af496-a9d458bc-22f79e15-68414501
227,90e24c07-a45678f2-dcdbd866-658ae794-d0b5f445
228,3158f4e8-6a034072-b052d188-f4f3b37d-561fff8b
229,57e5385e-8ba6064e-e004ef84-a402abd6-856480f1
230,b6d03d61-6e39a21b-e6516989-dc0a5afa-7c8f2fc4
231,412855fe-a38a4813-bddd017e-b17b3958-5936aa7c
232,a2a98c0f-4e042d9f-630ab121-c6f0c6d7-3fc7e1bf
233,c4825471-dff43312-37759416-e6d02ab7-a7c24f35
234,7a79a1fe-c5195230-6beaf16c-e9623c66-9ca29a91
235,55d7d74f-9ed6afea-e6ffa5b9-57811022-308ea785
236,ca5bc5f1-8c4feb74-df14996b-d1583bea-931a83c3
237,e41f3daf-b8ab7289-d4f38cd4-ac5755ff-12c7c893
238,6b1d5082-28cd1dbf-2fc7ba1f-8672db6b-6714a515
239,371938b9-30d80682-fab5bbcc-73b2286e-03a44469
240,bd2a2c33-e3d79ddf-1dc080c4-04833177-bc432ef8
241,96eaa39d-4bc0be4a-e67e7d41-30d19f3a-ad1c3ea0
242,e80e1f58-c49b8d1a-89596ee7-f870921e-e09067a8
243,7cdf6fec-257d0184-9b794307-56ad845b-760d323a
244,911b4d3f-678028ff-112f9137-5584d665-6dfed8e5
245,8afc3991-7ec1912b-b24d9633-3c4b0f57-17c0e8f4
246,24b703b4-c83a32ea-07546e5f-7e2744b6-c3a1418f
247,ae619b1b-c97a82b4-8a82ef00-a9bcada2-86dea67d
248,ca2867f9-58b734bb-f3becb3f-66cb9616-5585c02f
249,7d0bb69a-f58f876c-68ddd5d5-5642b0c9-cbc9a0d7
250,d66377f7-fce501c7-91fe3b1f-71129561-d0fef7b2
251,e3fc8d6a-3ee3d3bf-da8f7790-0548aa52-eae5a04f
252,69049330-0ad59e63-d94192ce-6fc6ddf7-5f1ca598
253,37069689-f6f08115-5cad1248-3b96a966-0fd4dceb
254,d0873561-ad6a84ed-54f41798-79892a90-065358e3
255,35ec5f21-b716ffee-a8bd88e5-a2017723-7b0d48fc
256,e80197ec-429e56d0-5ee02e4d-b0970a29-485c1747
257,0cf598c5-4b0fa880-f002e739-60e4b993-0346123e
258,07d1bca4-2c3e2305-14fd24ca-8508a08f-86802c61
259,0d22f173-b6f555d0-ee36dba6-e1687a50-2e9c506d
260,a38dabe4-ab617bed-e49edcd6-0f0a722f-2dc71e68
261,48777fa2-80d72d3c-22727ca9-2678db6b-02fa73ff
262,2b42b3e0-9d6dd85a-80eb0158-0bbb96b6-8d5b4060
263,0279081a-d4a18dc5-1b093905-81434466-6a9d4c35
264,c532eca8-650e671e-a68cec98-6bafb0eb-e5249d55
265,f9ead0ec-57b34950-760a52a8-2a9876e9-e189a195
266,336ccb5e-51d791a5-9e5ecc9b-e690ce6f-ce402b1c
267,f4d58092-601fd654-0818cf4d-3b733764-2c483dd0
268,02c6e4a9-144b7d90-fdbbb221-1b40fd43-ba173a86
269,86ef5772-5823dc8d-43a18d1a-d0ee2133-515817af
270,d73d45e5-2e83a7c1-54a1cef5-4322fd09-cb4b0fe0
271,0fd87fa8-a44551c0-3788367a-5cff7ded-3c17057f
272,2ffee6f3-02abd58a-f1c78e0f-7689bf17-f69ea741
273,928427f2-ea258174-1e7a326a-223e2d87-14e3a792
274,75e3199d-ed90d1f2-5816b72a-06302006-b7e57d29
275,412cb417-989d483a-693137e5-d7e49d30-e6ee5ba8
276,9c452d99-a2e14f15-8458865f-92178374-a9e29b76
277,c0bd6b6e-87852d04-8404f00f-1b7928b9-8f609845
278,c1a49619-f4cf6014-f8026fd3-d618e48f-49e560cd
279,d696dc20-e7e4cf9f-79bbc30b-4ab4a4bf-1429be71
280,aa29a8f7-ec260779-8cb37967-7d5bb1e6-a623e93f
281,705a3f14-cbbed391-7b598753-81a162fd-9e7d694d
282,61d7ff68-0c62ed6e-f30fe780-d0002ebb-a751e1fa
283,3740d2e8-e76dc38e-398d0e7d-6c7c0f0a-37aee743
284,c8015788-e37c9124-072ec059-958736ff-4f2c411f
285,eb0e4995-f88b7299-a599982f-6e84f732-9eb898c6
286,4ff79c8d-fd7de62b-52ffeb40-2fe8ccfc-f12beb41
287,873c9ab7-07af15d4-a71ca81a-7196b1de-a1751a5e
288,9bb20972-fcc29834-4a48133d-ca0084a9-678f5f63
289,bc11047f-3902f29e-4c7cfdfa-18480cd2-71780724
290,b4e49a08-11ac1789-0da7b9a7-8fd64f76-3dd4da5f
291,ac8c2d3d-218731f0-d0f3c0c4-e95ba3f8-7691ac89
292,454378b1-a9a7a9dd-c2590a50-9c74a1a7-3af2d1d8
293,b40f6356-6ea7eb0f-2880a83d-c79ce95f-b71d3347
294,f97b6566-70cc2f98-599cccda-230d1c4b-29d3297b
295,8b5ff630-e29f0f0b-5d9719e2-00479d7b-1e903449
296,8a6587b5-82980152-756cdc4e-c5eec797-dd3d2c96
297,d1a9a915-6bd6ad08-fcb8422b-036a08e7-7d4edb37
298,72b76a9a-2bbb17ee-e72285f0-0e70147e-62a66338
299,a2745b2a-00401cf6-e64c5491-7ed57ef3-d416dc0f
300,efb03b13-c411b791-e39310a3-982c0a38-1100ccc8
301,b22ad35a-03add01f-094cc908-7d78c675-daf95dce
302,e59da37b-74cfaeaa-6c7392df-80e7dc41-d45ef005
303,6bcb54fc-797bee0c-5d0b72b7-4b4c2763-e3deef1e
304,239f9afc-ea78bd1c-01b7bf36-9dfd4d00-759e1cb0
305,570e2641-afb84e9f-3dc49429-7cdd3e3f-4f5d1514
306,3cae7a79-8a21b1ee-1945a502-282f6874-0835fab6
307,53260a23-5878a171-97061820-6c159b3b-c0fd6fad
308,eb0ec7f2-a03fcbe6-9e15bebc-19ec3972-9b6f1ecf
309,b4755e28-bc7226bc-a2637e62-9366e863-976fa43a
310,dc4bb9b1-808b7356-b8e91216-b8b09dd2-f8a4a23e
311,717ec7fd-02518aa0-87b618ec-e6c7683a-7d98b001
312,43d90552-c3efe186-d80a2ed9-ed3662e6-9e1727e6
313,3537bf1f-4f69325a-1519911b-5666afac-fc229c93
314,49a7bbb9-41e29635-e750b455-27931b20-4dc3828f
315,0d1ee078-a0626f42-be615473-7bd0956b-c4ab11cc
316,485d207a-4135a2cb-68687be0-8c72f995-a8e72b58
317,0458d966-d69a13f6-03138749-e736a9a9-7e8149b8
318,62f52754-64282226-85257bdf-0579dd4c-386798cc
319,7826fcc2-add88ab8-46293da1-b92bc6e0-cf6cd9f7
320,58e5ada2-0c5616c3-84aa9df0-26344311-172732ac
321,1b8f3811-222906fe-238d118f-4a16f029-baba79f4
322,cce8ccd6-8d1a1418-705d1d9e-f19a858c-df92d6d4
323,4873aa08-977bfd31-fb492e64-6ef432d1-3f12cbe3
324,b9360cd9-b961e720-1936ebab-1802da8a-90237580
325,720868fd-e4b5eb69-5a3c738c-4200ea5c-574d3ca0
326,bb359adb-8e2ce32e-2dea1453-ae929029-74cb944e
327,6b43dc61-492b993e-630643ab-8a7b1ee2-9702344a
328,f4d0990c-825365f7-3daaa70e-da3d4102-e9008696
329,3d00eb9f-d57b004b-155401f4-09839a16-33379984
330,349d62c7-b95ae7f6-b724e1d5-720bd56b-b16c5695
331,7d8361a3-b019c718-f705021e-343a5c63-b37a6749
332,17f253d4-69e365d3-e59e6671-fbae71e8-cafe91be
333,e04f3597-e6cdfe8d-68111116-ad5c5cfd-30ac5867
334,78ab4087-8a8caba1-4d0a8cf4-c6cfaa7b-3d673d08
335,2762167b-7c8bc4d2-7c965823-2804e1bc-87c76b13
336,827cf8a2-3cd6d0d5-9f3d4444-b1b39601-2fc5f9a0
337,d570b545-7871b706-67c58c73-3f24d518-5fb7a23d
338,97467fac-109e35ef-4e17ea01-4ce4170f-0dfe26ac
339,b362e24f-2ce327f6-294ab055-a736678f-28ab3f66
340,5a63e96d-6cb69582-01b14816-54617171-a4a4b011
341,d4710e90-03ad2ca8-87a21d8f-d59bf306-15a9db0f
342,e3726471-f23cf9b5-b0728c4c-6d02fb2a-3ade75fc
343,81f2eac1-e5c7ddff-a96eb85f-85612dc2-0d95264c
344,036000e0-04d69382-0f34cbc2-7b2ed2df-4254b120
345,88add503-768d401f-dc6cf7ea-a26d9f59-42c41462
346,d83e4ef7-52979143-dcd7fd5d-8e76b8a4-d3649610
347,25dc631e-e6ca9eb5-acbe4eda-82070bca-4c679f56
348,b9709691-b4ef6ad8-7aaef7da-f6290d28-a924fc3d
349,87d67af5-e64e54f2-d0303c5d-3cd7d6b5-a2ac144d
350,ae45a7c3-99cd687b-97418456-1101f326-ca712508
351,9aa0a1a8-534fb3bd-900f04a6-e7b57f25-c367cfb1
352,b715e8f8-2b5b2938-73133e0a-d474c708-6c2165dc
353,ae4bc6d0-dc4b3223-9e717ecb-563d5692-6038b8c4
354,a9cf9e43-88b682b3-10d69f22-0ef5d312-ecef171a
355,e6d10b43-0c2a22e1-3f0bea2a-c0a6d8e4-2cd4f439
356,39d186d6-db28156b-c5b88dad-502fee98-d8e9726a
357,49024075-a9f6b2dc-389fdaff-b149fe7a-9837683f
358,8a17db34-6bcbb153-3e5bc2f7-6a343716-06c14275
359,3bbe9a96-18892f0f-2a2b3e04-3192ef3a-bf73eea4
360,5a0081b3-0e2e0409-3161ec87-8f3ac7c2-dbe8da14
361,e3129294-b3406567-c9b72e77-ac5c4b50-38d50e13
362,072cf1f3-f0fe4324-4f870983-549f8fcc-d4eb7016
363,0c68040c-5815cb50-ffa019c3-4b146302-3607e1bd
364,d94a583b-fde19323-9b074ef3-519385ea-24711940
365,172a4828-2a3fcb48-3415d00d-be9832b8-c1f70b4a
366,c54266b7-672ca326-c85fa2ec-8802417d-52b355be
367,ad3e9192-2fff549b-fb3e55d8-e52b1c7d-33c62ed1
368,8d805c57-4d2b05ce-6ea341d8-7b2edba5-c6addf2d
369,76b2e6be-81f1258e-48f1530c-6a49fbc3-bf4d1f40
370,a1d35d1b-329f5e6d-2d6809a0-c1cdfec2-ceb66082
371,521d6f68-bba64c3b-86a27bc3-0f2eb3c0-908d6127
372,4f5b7482-45cfda22-5a0aaf43-c03762b2-2609a606
373,28e88207-da3d67a1-ba0a77ac-4daf2654-79e78d8c
374,676effd3-810a4d76-e88e60c4-0a6ca548-63676b61
375,02f90b85-4f9f059b-c345c702-311813d6-7e3a580f
376,4ec0cfb1-416e6b24-fbf11a5b-b8639870-77369d99
377,6034f7bf-838df188-c059781c-09f2a40a-084d8e6a
378,d34c9381-820110b4-25a131f8-9cbdcdee-1b1bc2ba
379,76b55d6d-492245e2-c56a31ae-9f0d1cf4-78005e3b
380,159a2f5d-258bda12-f8f02a92-623ab7d9-5f88b986
381,d1986641-bc707bba-d8d8cd41-9d6a993f-68f38ca9
382,07886c95-b1f91525-6cc45c85-f0f9d171-2c319917
383,763d4292-fbc70630-50c98fc0-b2212b3e-f7729e7b
384,4152bf01-83a97324-9e98757b-e6af93d2-b6e23671
385,eb9c34a4-dcffac67-d7c42490-bd8699b6-d00422e0
386,87bea5ca-483a830c-d1bdb6ee-61b778a9-36bd7a53
387,d1b1de9d-63771efb-31218c1a-f028091f-02ddb510
388,4afcc615-6d729b68-be4f732a-1402e100-9059c68a
389,361b3c3e-1f26ceca-d0d4b295-b629676c-313e4b77
390,9c61259a-e15435a0-3fefc73c-9eea4a4b-ec50d4aa
391,1e083950-46d960b1-fa89f1e2-6b8272f8-1aa5cdc7
392,d2f8c522-da31578d-99749b02-c4d6556c-f7ad3542
393,4a195764-6d1de672-cbb362d8-7b5d4596-ce447c0b
394,4fa22e9b-f479187e-b46ec37f-1a01a1b6-747b985c
395,0066734a-35568fde-fd52ba23-ec66f3de-88d4aaf9
396,10725aa1-e356ab6c-965fae70-23f5d7f8-8aac6cb2
397,7ef3ae2e-41c51122-d1ec5d68-2ad31016-98eab936
398,436ea450-a711e954-f609be5e-558f1c53-f89ed13f
399,060cf092-fe76bdf7-19fee515-26cbef2c-5c16ba6f
400,8106217e-c41ab813-c6002d3f-ed4ee98b-7b165bae
401,1abd2f20-b9c6b1c2-c8e85795-b2629533-c2158f0f
402,1f8e2b6b-5fad5e90-0734669e-e4f53b50-77bb2539
403,2ee52b1a-982e4008-94d23420-8ae942ac-1a2b06bb
404,dac6be0b-32e1f8b8-75989e3a-f43b3899-de14126b
405,091d7e6f-99636e13-b9ee957c-9750fcc4-49ca3ddc
406,b1879ede-77f4dea4-bcb8916c-ec72ff1b-efc87cf3
407,1f9f2b12-7e618b2c-574bd6a3-04a57df9-c158dd95
408,9f0d6759-9552a4ac-498a998e-b2a73b63-5aa4a6d7
409,30ea0dcf-3173854a-fd22f3c5-dea153b8-aff23105
410,8160a62f-3250f451-35417492-105c0663-1ddc91fc
411,a083818a-3c2e6c0c-3562d09b-23e51f15-fd0b4109
412,b05a8f9d-27c83b20-5802aa96-a1f696cb-bb8d77a9
413,61bf6ce2-31d47bd9-71bb5732-53ff1d4e-ad41e3de
414,b7f7645f-afa4f5e7-4c67d87d-2cee15d7-fed5d9dc
415,d8b6b619-9e181de2-c46adb2d-08194ead-eefd7108
416,3756781d-c94402bf-df64aa81-6657a136-d6566221
417,8a41ce8b-953b3bcd-09dde414-efe5d7f0-ef0f1c0b
418,e83936f9-25b7b258-5e96f8f7-c4645c20-2d3afd84
419,22463f18-0ba722ea-b2aa106e-a21a1243-c2a4a035
420,e5d24160-352b7820-c68358ab-28201d39-c5a00b1f
421,038b7f92-c1a46e11-057bf8a5-2b13ce28-b95de6bb
422,291ec6b7-aa77b536-10752bb8-ea851f60-e03eec5c
423,fe776454-3e700b7f-71a5c7e5-4d8ebfc4-d3dd8b89
424,dd835ff3-23fd8ffe-98d639bf-b322a961-0dfdb1de
425,51feed6a-d9ff97da-4e106925-d11e2fa6-3c5cf4a4
426,c5a94847-3725f257-a7b3345f-eccf2615-514ae08c
427,40040bb7-4675aba5-aba1265d-6efef4e6-c8dd3978
428,10606ff0-7a7eb606-525e42c7-a9ef4be3-94c1dd59
429,d98b532a-f701c8f3-cd10a5d3-bbdc577b-8f6bc6c4
430,0db2cf6e-6c8552fc-ad6c12a4-1b3c703e-db3c6f8c
431,9c926068-8ff0f63a-fa66a31d-cf2c4b81-8da17e07
432,71554d65-eaf04154-1efc10ac-a9bd5813-05edebbc
433,41e37386-9c10ee84-195cfc27-bb288c3e-9f18ebdd
434,3dfe77df-250372e4-2e7b6a61-f5ef8ee6-3b852311
435,b76c564b-fe737966-69833518-fedc9431-dbe5811e
436,0c1ec83d-26d9cb23-2a02ce7b-3fa42feb-637b17cc
437,b14f7074-c94d059e-c3b02717-4bd10815-192c2b03
438,46d83ce2-8ae168fb-e72316f1-ee708ef6-00f3f444
439,507f336f-09e0f88b-645a8370-36745d15-9cddc657
440,8fdaf533-2d21d70a-8b79422f-f1a797be-d7b3c1f6
441,85255d6d-23ff3d74-0df507a9-53c5b8ef-ee411d1c
442,d3574730-eac9a1ee-c9dc64ee-9b69e216-67444773
443,1c516816-5598c56d-24cc670c-469071b1-925a47da
444,d0b63e5e-52d0b9fb-ae9a1ca0-3f45698d-561e620f
445,2bf97d91-aeecb635-55ed5060-aea787be-5271de06
446,6d2e6d67-3cf1848b-6cce22ae-e59f11a9-e235e2d9
447,abdb63bb-00c5a603-70223821-0e06626f-4e6f38ca
448,c4fed6b9-8e1ddf8d-8d6bde47-67ca20b7-80822559
449,ae569408-62843b41-302c9584-b1d2c34f-641a2a38
450,7705678d-e97fd6af-95a3781d-29db3f83-4811df87
451,91f25e79-bf588cac-a8e149c6-9a63b28e-aa2f43d5
452,13c6cc82-670e824e-a62fe2f3-5b8425aa-2f3b8cd5
453,c4627726-33a35915-eacd8edf-fa17ff3d-4ee48fb4
454,9461c88d-83a7702b-d089e66a-73f4da4a-768bc8e7
455,5c777270-1d9d2eee-b71d94f5-4057e411-72a2b954
456,724b43fd-ce7cedc5-9d67b476-23e03e3d-650cbb41
457,caaba013-9c894b9a-e6b4e71a-0b8e0bd7-7fdad3e3
458,6c5fc81e-e5721568-6a2deec1-a864c93c-38aafdfe
459,6fb205a1-9063dfd2-7658c5c9-a3556c9d-d5fddc26
460,41f74e22-c51141f3-77068c17-469babb9-d91c9929
461,b9d07ae5-876bb931-85ce766f-8dc425d4-5948363d
462,14ef8f65-39b14deb-9ba795ab-a6fd568e-cdcad07e
463,840c0128-fa2ac1bc-2d97f2be-d06a1b3c-a2a5c73f
464,318fdf63-fa61cd22-38e2b8d5-33daf216-38e3510f
465,58ac7347-d09cbde9-a4dc2b0d-9344c0ad-fd4de555
466,06d6a552-d1a3b440-7231475c-5a406f56-507953ad
467,96796252-ec631616-7f78ed59-cb707f62-dcc94e4e
468,58f6e6e4-74dbcbf9-136fb86e-673eeefa-cb2d2414
469,25768a1d-a3e82872-0aa74abe-1c4d3239-e0f5f720
470,86c83b75-1debb4e8-ca7a9ff2-d82e5244-79a14fef
471,06763533-99a6f24a-cddc5bde-af296e84-3c84bc96
472,1ad2660d-7993d872-656104c1-33bc0e72-ac949bd5
473,ebe01445-5da44470-c764513b-644c46a9-d51b9dab
474,8e023604-ece0e893-3ec1c2cd-7cd320cf-a3866e53
475,08ad373e-cb15c9bc-b401382c-b6dadeee-6873713b
476,fbbc3c9e-e25f5fc2-ae478cb9-2c907a52-bfdf4f54
477,da455496-01d26876-27b3f6f6-23a8efb4-5bc8232f
478,d8bb1eda-1acb9229-4531796f-3f4dd3da-ed32b7e2
479,55fb6697-e3bcf1e7-89e875c8-21fb0e1a-d69b15d1
480,d74a8d04-6781224e-602f8a8c-f4a516e4-d68088e0
481,de663353-1f172483-f4301f08-d2d14173-2a6d7273
482,abb11c17-b8d815cf-fba388b3-0ee5a930-b53ad1a2
483,a3612d68-75ab8b2f-fdaf1c7a-0b5d7fe1-96684dca
484,4260c510-2fcf4a38-f4bbb397-c0e31a0f-6210884b
485,3d39a576-68e36358-6a67b671-9c22e779-6752eaa7
486,9b00bfd9-c8d1871a-74623a5d-73f2f0b1-f13aa0ad
487,a06c122d-223db528-da8ef59a-48ad2c9e-7e93907d
488,76c4888e-7d2248a1-2500794c-3b5959a9-ac2042ce
489,5ae335d9-72b2865c-a1bfea3e-96945ab0-0734fbe9
490,ed9a62d6-c27aaaaa-3868a8dd-7cdafc43-086477aa
491,5b2fbb48-a32919e8-934e5be5-840e7b69-839fd767
492,0cef60b3-64c4072b-ca404ede-defdaa17-2a330695
493,147f3af7-ee42fffa-d075d4e0-206ae65f-645dacfc
494,5e5f6ca1-f365b08a-215c38cc-c893287e-fb58ef54
495,552d6e22-a8a9fcca-afa02588-aeae1cf6-6c6693b7
496,d3ff1872-bbf8baca-4c188b72-b9e8369a-a6ada700
497,21a90e36-dd946c0e-cc99faed-aa276fc6-a3176b3e
498,b9c18e63-305b2093-2cf3d281-19fd2fb6-746f9998
499,727f555b-ca31baa2-5a5d16fd-ca9b8960-5a9ce4e0
500,6acd330f-5e9fd959-9979e6f2-9d825d65-ec4ece82
501,6c71bb2d-57d5a46d-33b9b407-86b060dd-2b7c50ed
502,2800dcf1-86e99eea-3b1bdca4-141a345d-accab248
503,851b7c5d-b077d8d5-059065dd-d29adb6a-4c8f6982
504,bde457dc-6a439e9f-c037a42f-1e324abe-43cff4d8
505,d7fd3946-83740b06-6f64e31a-4b23cf90-9b0281e5
506,a39a1fe0-34c82071-1bf4e587-a6ffe443-db29ad51
507,b5da9d38-5e0c570b-e88b17c1-029654a9-a4f8a0b3
508,413d8c6e-270d0af8-96ae3812-cb4659fc-47c055ec
509,c1e9151f-b1919a24-ec86581e-f34bdd74-3372bc22
510,ce927120-2f8ac9d2-1b21a1bc-545da26c-bb70ee09
511,35fdf17d-f25750ed-6385bb37-d52d7e98-3f0f9879
512,d9c9a1f7-002efedd-9e4b68ad-a57b0802-3a8a0543
513,c77dd740-15e4a184-a44d8d70-71c71aff-d135609e
514,e8d07e9e-f0cc2b11-86373be9-303f87d0-0ba700f8
515,d0e67b22-cff49a66-670120a5-e0da687f-ab95345e
516,debed8d3-97a91dd5-82f33245-583fa2f3-57a91967
517,96eef3e6-9bd244a0-eb2027b9-b829be7a-116725ab
518,ade879ed-62ef9c94-efdc1325-6546fc98-0e61df8e
519,be5c3847-02c5581e-48f9438f-86079403-7f1f0604
520,299e7754-5dead048-0a423962-464ffb32-a71e98b1
521,ab708c9d-bcd745c2-76bf2f1b-985fae1b-6add2c44
522,a58a5a1b-e7b9a02c-63dda3a8-449c7571-c1154b80
523,4628ff9f-baf277e0-8cb44981-e8f3a8de-180e479a
524,5d9f0c51-16d0bc40-4013c80f-b66e288c-421d82dd
525,22936f53-3bf3dc65-5c6ed100-e6f6b546-bda0e456
526,b928ff80-82c0afb4-a11b21d7-563b6d83-573268d8
527,69ed2967-6059bccb-a7978fd0-ce2af9b2-e9a66bf2
528,819ee652-e4cc808e-a742e7a7-f18ca4a7-4d1577f3
529,afb49221-47fc2256-d4651599-4ffa2910-aa54449b
530,6c409bc3-c87ed940-8b97b6c1-23e08f7e-bda0c21e
531,6211cdcb-6f1ce9f6-4a00cb48-b337b9e0-27766c69
532,7949aaaf-f61a4693-ce787ef8-33bf14bc-ca455630
533,23fde997-8609d029-f431d078-f5b9b183-0aae9778
534,64caef01-207ea3ac-6e8476df-92b8fb9a-a02d234c
535,3283bf63-a05bb530-3a600e92-b89d4466-e17f7876
536,7744e910-ffab52cd-090a9e79-e48e757c-c35585fa
537,1a1932a9-6d40a33f-f52e88ba-b2c05012-155785dd
538,523a9991-05d64b99-cba5ea4c-e938028a-60c78678
539,e67f0793-278c7512-0181e66c-76c0d60b-3ce98573
540,d7b4dea2-0bfd2c53-93c4f104-2b2bb7a2-b95c36e8
541,95843708-d3478b39-d80152e6-bb656f3f-2324b79b
542,fab8837f-b4464796-00f5e343-4ba4077c-333b5ba9
543,3ccd1388-edfed86e-c50b0939-ebc050f5-ac914d13
544,a94ca59d-195010a2-bf2a26a9-611bdabf-29d86726
545,bbf0b766-1ff7deb3-006c094c-f431c601-328f69b1
546,afeb9fca-271be406-bfc16d25-91a9a965-180259bc
547,d5eb5ae8-0ca8e304-35cc8411-562531a4-afc86b27
548,09133e35-27f3e29d-51feb916-245e2676-c1aa0a04
549,29a88b4e-dd565418-82631db6-b7f1adea-71ca9edb
550,73b633c5-0a010901-0d67b6a6-c0915884-eafeed0a
551,a7719240-9ae3f703-c18562b2-e3bb20c6-1ab91a3c
552,53316932-d89d2322-0228beb4-db218da2-8ba4abdb
553,be899a19-89cf10c2-7295ce31-56058872-cbae3abb
554,1b5aee68-079251fa-65a032be-54dbbf7f-5f6b2387
555,92f00fef-5583a14b-03cfa8c7-e65ca816-7b421ade
556,7477ab80-bef9c8f2-9e294ac5-0cb4dd94-3e3bfaf0
557,b060c132-ef211521-2c927bce-926caad5-354d9c99
558,045d41d8-926769af-dafe2e32-3b46fb69-61bbfcc6
559,6fb095cd-54b6cb04-3efbf32e-bcc172a0-0b547ecb
560,dd9cfc23-b05701f2-26215d83-46297578-48e163ea
561,e6c17a18-df0f6d48-58e3e718-cecc7c30-680c05c3
562,e8d07bf0-e54bc1fa-29ec1625-720e906d-c627bfdb
563,24aac5da-55fa9e70-7803619b-5fbec29e-19a72623
564,320df379-5ac0ef5d-a88bd5b6-e0620b99-7ca7bbfe
565,1de2e381-1ece5a33-4ebbdcd6-1cd4c3e5-5f44003b
566,30fad1c6-30140359-022463b8-b750e8e3-a6a06057
567,7d83174c-0841b8bd-62943e22-8a138bec-65ba724d
568,c42006ea-abbe5af8-ce32ceea-e99f2f48-3d490a5b
569,2ae2ab95-6bc92716-c34977bb-ec2b289d-dcbb8296
570,a3e1945f-24798491-79bf0265-7ae43733-d98951d4
571,b5647c01-13e985db-d10f71c7-01db1bc1-f68366a0
572,d3900c86-b5fa48f5-879752af-1e47fc15-ffe571ad
573,616b92ed-6ddf7341-8d613f84-5a207c97-1f211ffa
574,d6145994-52d6d271-02ba18ca-ec126ce0-349db4c3
575,087c02f8-bbe99e59-11ed79f9-94edbc3d-ca967b01
576,31e9c2b4-bd090474-dbf91bf5-c9218e73-b8208290
577,e809a2e0-04778eb0-7fb6032e-1cdf643b-8a9954ef
578,0acdf3db-fa76565f-52016d48-68c4054e-f498fac7
579,a2c48761-2da8514f-c29f225c-586b3802-d17fabcc
580,b2d48355-6359d513-a019b577-0e013c14-e0ed1586
581,4dab8652-904d5fa6-0cbdc7ce-b4ef75fa-17ddb82e
582,7feb6dd3-ebde561d-d43cef2e-591c2c69-a5231027
583,c1316162-1ca1832f-ca0ac6d3-9e45467e-f56c3f32
584,857eab1e-09807285-2ea45a30-f4d70a38-76097f8a
585,52de110e-e630586c-7ac1fc23-75aa4866-d1ec2c72
586,2e91d8f4-8ed7f9cd-05e24f7f-782051c7-41b0859e
587,b0af618c-5f432fb8-3a5eaf31-23fa161e-e837cb84
588,a311386c-35d65860-24459f75-de0322aa-375b86a8
589,366bfc3c-fb745f41-8f285135-0261c4be-449e1a93
590,638e4992-08d7e944-ab637ff5-f6b217a1-5cc05a34
591,2baa104c-34c1e74a-fda3becd-38a63f7b-f2e2e380
592,2d5e7bee-35c5b7b9-a3adbe48-b4159e45-d8aac2dd
593,7776608e-d61a4a9d-0057e276-162d2e97-6a9ca42b
594,7271c0e4-802d3509-314967e4-e01ad8de-d3159145
595,d11c2179-86b946c3-f2260958-b5758e0f-2afbef28
596,a615a081-bd86aa6c-9a8c617c-a01a6f5b-b75607c5
597,4fc0cae4-7ddb1534-dee79cdc-1d0620eb-a4ef877d
598,ddc3d189-c7012c3f-7afbc5a5-88ccab4f-872df394
599,39f9434b-61036f2d-46004bc7-8112f50c-089ac3aa
600,26605e9a-ef943fe4-bcc32287-41871dde-57782edc
601,c3026ffc-b535d0aa-9a4afa15-3baa84e6-a31e7099
602,caab0cef-4c853760-fb9139f3-73761f01-b8616460
603,79807720-e64d8ffa-197d33ce-1f51f678-473ada78
604,76d88971-1492bc74-4a00303b-111fa19f-a617a23b
605,7847b651-c522f27b-8f94d954-79307a95-885317a1
606,0a1d6c66-b214a6e8-09501125-827f5b5a-3fa1bcc5
607,92e3ffb0-ef137d7f-51fc0415-7c0f39c4-7bc16d08
608,ace4c487-623940d8-3d9ba694-554f8ed1-929099ce
609,c1c2f5a0-68175558-c5248a54-c66bd887-eb19d656
610,04f60e26-26d3412f-0061558d-41981e82-6aa918e3
611,84225315-cc0ce29a-5c4b7bfa-4b6aaaf2-997f6e26
612,6e46a226-5b54a59e-a5bbf891-fc8763e4-d429a130
613,baa8ac90-13e9fbaa-c76c0f39-a1de0d2a-65f84271
614,b816accf-d16fa18d-a942b353-4cb8b83f-5a5141ff
615,173e2a4e-1df79dfb-aaecd1cf-9cf6dca1-3c9c3450
616,4731e67d-ba009ea7-0c3b2361-d1f45132-6437568b
617,ebe647d1-a70ea68f-5af5c648-ac14f14f-31e900e1
618,c1d562f3-21053376-785a278c-e1104723-7b03c2c4
619,04819edb-16fb4413-6743902a-866734c7-86c7d0e9
620,46ea92ee-6b33d27a-125d5b99-7280706e-abc77a65
621,f34377de-fec7d46c-0c959d61-97f0a15e-061466c2
622,14b980a5-f43d3597-763ee2e7-e82ac318-4c3ff660
623,2699ecda-4aa99d9c-e65d3efc-a10b04b2-97e8f8f7
624,3a2851ed-41b35081-13a41b09-00c8b7bd-89b8aece
625,daa2d8ec-c72f6d6d-a74a7733-100bf51c-09c482f2
626,1f57a2e2-d01c5591-88328517-07bf57f4-e3e20afa
627,daa39f81-92e5d755-4e6a816a-c06da6c8-8b43857b
628,de027056-856a0975-7d2ef031-2dc789d3-00918b21
629,3a7a4c16-e95a77eb-6dc06463-24036324-0d4bc0de
630,8a389bac-c89e6620-219ffa3e-f314103d-1c504052
631,5e2b6a76-a42f7c51-5f727e88-f96cb70f-a98aee8c
632,54107191-a05587f9-e534ba11-7b047776-d0cfd089
633,3100595b-b47247d7-7648a78f-f7fb642f-5a13750d
634,99738171-215aa4ea-04f85df7-0128e45a-70d908de
635,1949e952-c0b0d55e-ab51c699-2dc72d5f-b81c5f75
636,643ac480-73cfe93c-27cea4d8-84722781-97d03ed4
637,9fb1d980-6428fa2e-5bfb2552-db83a767-a9013ea1
638,0ec58fb9-b94736ec-bf4e5275-06926291-0563a271
639,43fa78c3-48ea7e3e-2aa0f7ee-f54e94d1-d604f715
640,1d78fb54-383b2e35-3018ac63-cb753cba-0447de60
641,2780f9f4-123f3f2c-2ec2f8a8-e5428b55-a9016e98
642,a6176605-3598a8f1-c48ad1b8-c07ba884-f3f6913e
643,72501585-75d272d6-3bbe6b11-c541076e-73ec2378
644,df49b4cb-992176fc-6e05538a-27b84f7b-993feaf2
645,be1760e8-615dd7ce-b4b32252-64bf90db-59699110
646,67c32b62-a7ddfca1-7e007012-49e725f7-23ca9ef7
647,522fbd5c-9704e796-e15d26c9-876554e6-d82228c4
648,7b981741-6ac2b424-636d0a7e-1607d52d-e5060203
649,458ed612-df21f8c6-7b691da6-2689d279-72048215
650,ce93df74-33dc6fb0-073af359-b5d4d566-9fdbf8e6
651,c7ef56f6-3017015e-5aab5c4a-e567b2ef-0d174800
652,b967b81b-9c8d7130-3a9df9f1-6b8551a5-4622b738
653,699db517-3353186a-03a5a845-ab023ec3-5b04c3d2
654,dc3896e4-01e4984f-067e9b55-d3da0581-070aef8b
655,328378e4-8c4da372-d3b92ae8-9e071355-26f13996
656,1ada5255-fa241d69-17b66455-f8b26fa7-7c02d268
657,5f4d4afc-b35a4aab-10212b13-177089dd-d02aa972
658,fbd0a719-f05c1b45-24ac721f-07b8da32-996da570
659,29e18c36-22ea1d63-6732895c-39823e18-cbfdc574
660,17bec381-89fa64c2-15f5df80-e926947f-535f13b8
661,9bfd1fae-5466e70e-90af99ff-a3087631-679e49d2
662,306bdea4-1173270c-27c16703-f22ef64b-90f232cb
663,00fe73b4-5215bb4f-94bbccc4-ac5f4f6f-52805cfb
664,a31c7d93-aaf4925c-94d8ef55-49917cff-9b1cbeef
665,d1d24df3-e48915e5-d488f006-a897d15a-1db1508d
666,60dc06cf-cdf9dfdc-bc5286d8-d8e2324a-6aae30cb
667,0d9d5fb3-34574cf6-5f6de204-28f481e8-7435d92b
668,ab2e5ae7-0c8d8980-ddbe5385-6330431b-3981574d
669,fb88e369-9aaf5071-1da97ab9-034aee71-51ca908d
670,fd9e7099-abc02c00-3751d6ed-6fad31f0-afd07b89
671,6b732f29-70e4922f-a9367b8e-2fb415bc-94cc016f
672,bbd013f6-3677c455-79605d3a-6197dfca-3e344c13
673,272ca8f3-c19b4186-d9b66363-3b20f14f-a6cec2b6
674,86f76c99-40085083-41251cbb-c9372fba-840f8c28
675,5686f4df-79b6ff23-96391191-e8cac525-f5670eaa
676,16d2a0c3-2940c487-a37ba524-76f95966-09995b85
677,12de11b6-1c0e25cb-8e8f55ed-01017e20-0df81652
678,f050c825-466bb249-970a8bfa-44a8d170-57f05af9
679,7ab2c1a9-35f268ad-9d336a85-d4831863-fe92d850
680,d646869c-07a54ebb-590c4a37-78ac0242-c3e2985d
681,16948ae4-b8be1fa1-6b1fa93f-30dcaa87-cb904cd1
682,b772f053-63468411-84270890-1c3c09b7-ea75dee6
683,7a55cc24-af056803-8afcb8bc-a571dd98-09be561f
684,3ab16010-f165cfe3-49ef82c4-454a7a92-8010b03c
685,27840b57-a464ffbc-d6e7d071-9b5643e7-44a9afe0
686,257c9f52-0f0c9004-994dbd15-522a597e-912b68fa
687,8ce2748d-b007655b-5a05afcf-bc014490-6f82851f
688,a2277f33-7f93debb-91b440be-331ec88d-c603e031
689,fd1800cb-d9ff3f41-af2d8a99-ec28b062-4c8788c8
690,d537d751-d0883e28-982cd0bd-6468c9e2-96b5926f
691,a827a253-911b39ce-0565ff15-c5f2f643-f09db283
692,e2a716e7-26d6c238-21ccd1a9-69d782fd-58262a8d
693,8f3e78f3-b5336ccc-c4922328-71287f3f-6a9fab90
694,a39a9bc2-ab43dfcb-c0d7d7a5-2ecc806e-f2e4adb5
695,55ce5a68-2dc2cd92-461fd2ba-b13ffc86-ec1e8d1c
696,2ae44ceb-1a1eb23f-9b8161c7-83dbea92-b9bf3994
697,0dffdd22-00995c85-4bbe2edb-1e3a112e-52f8a33f
698,f5ec6f82-a3511524-68a119e7-c0a22dae-b5cab5cc
699,0e923b0b-93746811-3ffa73b1-9baabf54-6b16de2a
700,aeb1e80a-6a72faff-6de244d2-bb121de4-6451447c
701,e1c5aa9c-6730b446-e0c7a3c2-b5091081-32a492c7
702,c639f58c-347a1e43-b5a279f9-5c4ba432-ff074009
703,58d2d0b4-438c52bc-73a26d05-1bdb5e39-4c68f588
704,58dc0734-a5023d8c-153a5fef-98f577eb-936fbcc4
705,7f3b93b5-ddfbb000-37dd964e-d171dd6d-a79e50c1
706,438efec0-50c4ef8d-f447e683-f5f9b659-01db9a2f
707,2a056ffc-7025c9f5-73292937-c3de3443-efd29e08
708,a1f1bc0d-fd98f879-01fa29c3-6013846d-66697d66
709,c63a8755-8810189b-fef70d0c-c2375417-acb03505
710,9ad62288-7dcfad9c-e82a3a29-4bd658f9-bf9e5953
711,591f4ff8-98e65cba-5489cb45-5193deaa-a3015514
712,1ca44fe5-b3fb5b37-976a82d7-47043a9e-885db331
713,475c058c-33113f5b-59278e0c-9d7a622c-35b1a3dd
714,5e1b087e-2947dc8d-357eb2a0-2e73983a-b47c085c
715,8b965bb3-8d23f74b-35d26473-e87b2c61-c72240c8
716,17599eb3-173fc22b-84db3c0b-9639c478-d0db6bc2
717,7bf2c194-41b9ece8-903860ce-ab77f0cb-9900d3d9
718,601e3523-2fde20b1-d2aa7452-f2e15aaf-5fd0db9a
719,073fc82a-a438608a-8e9a953c-e55d74c3-d722e5c5
720,116b61ab-7f673ea1-361e4b48-227efb60-835aee93
721,be386657-b2db0ed5-55e4d1f0-6e4608d1-43ddbf57
722,b0cf22a9-02a84a7c-79909ef5-2c2bbc77-13e37a2c
723,dd614e11-cbaae90d-0d7aba90-dcbc64f3-dceed02f
724,669e6e09-9072a04c-c8f9766f-6c877cb6-01239dfd
725,4a9fcdf1-1879c158-bc1958bb-4046c379-100f0be3
726,3e7dcd61-74409987-e21f0f7b-443d2e0b-f0a65268
727,bca8e3bb-f3f1cc85-b8c5df80-11afb4d2-46e30457
728,2bb86823-45f8d22b-81f8d920-9a1be431-aa5e4be0
729,a1030f13-afc2d3d2-f194ebd1-e5a24299-0e09321f
730,e1ffe796-726e494c-4390dca8-81b6379c-93b48d86
731,d786c62a-9d755267-69451c61-4e7ed654-fcb8a593
732,94559fca-c712619f-88d28bb4-241c950e-94d1d4a5
733,14bdebe6-2f596743-169c418e-299bfbe4-360105f1
734,53e94126-63add2ce-d6795d3f-463be10e-15c14645
735,ae6087cb-92ba1dc3-e0e0234f-8d859a0e-f2ec8bfe
736,b9ccefe7-065ee6f6-53e1bccc-37701158-daa5fe33
737,703a8cf7-1b2ccb40-c9b66796-0533cf32-91c4de3e
738,206fb6a0-35b7ae8f-510d2ee8-2d9a3011-66535049
739,06a48361-9970c39e-e856216d-8ec297ff-07e62df1
740,4601962d-1be14790-5ba630c0-7d943b88-a239716f
741,002da0d9-ce49c30d-4dfcc1f8-746d2401-d8044d48
742,620e6c8e-f3728c5e-feb0e24e-be8a11fc-4dd32c18
743,0502a83d-26a22609-6b2502c1-e333a084-01775d62
744,f10c6356-bfee4aa0-430d9ac5-5c91ec3f-f97b037b
745,24c20c2c-b1e49685-e1dacb49-c2e7a7eb-35094390
746,2c0bda8e-01c9d161-900d83c8-0a4c5583-e268a9b7
747,97d2bd48-4c000f5c-fbf12147-4a67292b-d5775d2b
748,bbcbd761-16a93e90-e5eb9030-6371ecd9-b0c4e420
749,5904bf84-697f24ac-9d9f2ca5-bf18ddfd-0445a6f7
750,0d17abe5-969d9b5c-1553e501-039ea373-1ab90b73
751,549dae3b-c85534d9-32799565-6a8c063b-a9e77d02
752,d3a43470-e8e4b5c1-c68c59e1-da71f25a-bdfce462
753,7fd82f55-aaba4935-f5b31bae-0288291b-82128657
754,3ac68e75-77571934-ae24d154-f80e05b9-7ff3fd09
755,52580548-58bb8dc5-103bd16e-a0b91b89-413f596e
756,1c3423ed-6d239fd6-89e1aa2f-241bafb6-ca9def0d
757,9f3d5fc1-d379c8b2-1cca6682-38855283-4dbfe5d5
758,3533bc23-f6ad1649-f30c1c7d-01fdf5cd-b890884d
759,82cea050-69bc27b2-90676154-0deea5ea-ae55b791
760,e29400de-f36d74fe-c9dee8eb-edfca071-d657ae32
761,17657a41-380cafa1-ac9a7c3c-7863d080-5eece243
762,8410fe04-00c63c07-4f859648-3b7ff2af-baf23cf2
763,612b453d-c307d064-872515d9-2bff65a5-47232d19
764,a833f67f-0aec71bc-23cee40a-3b88ba18-f3193578
765,8cd92542-476dac9b-bca25747-607ed02b-ab780c4c
766,82a718dc-cca0364e-f43f99d8-1a3e42d5-c70540f8
767,abe1f3a4-f278b503-e69bc893-f782f274-739dd90d
768,d37fc57c-f464e5a3-be4986a0-0035dad8-09558eda
769,02d7845f-0120d2f5-7dd7585d-ba0d6767-e6038823
770,27298da3-1d4fce76-c7036219-0dcc9633-cb1a7c9b
771,5c61db80-672e0874-ba236081-53d2f8ad-ab8d2efb
772,52f7cf0a-e13e2328-993ae39b-37ed0efb-14d64e8a
773,23526aab-143a5005-a3492444-cf3a3b90-362fd02e
774,15f2ad30-031f6623-ab9fbc3f-39d7224f-f42e2667
775,bcb2f258-df6440d0-2e2f85e0-5575b137-d1fc288a
776,21fc8b35-43aaab0e-db4630fd-8ecebbb4-6eba92e6
777,d21e9dc3-f45a1e1a-e0397d5b-717b240e-8225cbd6
778,bde0e107-470fe28f-b11e6423-1341426a-5d643485
779,97490116-f57c13bc-481e2b54-08cb95b0-3a654219
780,84d44cbd-5a95ae82-671b7621-88d3f906-13004a75
781,661cbfa3-3d21eea4-671d113d-0c2b6d5d-85c206f2
782,887c1469-cd1650cc-d1dd9c81-a6c133d8-b9f4a6d2
783,cac3fd9e-f85b2b92-f2109fbb-fe266c7e-41fc8c41
784,63175fce-6c853670-a67457ab-232eb1da-3b941a6b
785,e2bcce11-c785ce11-efc28456-c52d6381-4a8c3094
786,8e1b5c8f-de93939c-d56436e2-e695ea63-54121b74
787,05f55235-40a8731d-fcef7d0c-c3ac66e6-f34be33b
788,70ff78b4-b7fd50a0-3be98615-4ba9b9d3-e5b89c48
789,cdb545cc-48c709fc-81d42016-8f067659-945277cf
790,63304715-b1fad079-d2295ec2-4961f2d0-92d7ca4b
791,9cd35b00-a86be493-766a825d-50389124-9f59c29b
792,8dc876ae-427764ff-b4f508bf-26892673-6aa5e20a
793,e6c5bfd7-a5f92cbc-003b6164-2984d443-7ca2ebb8
794,9537b961-5fb360d3-7a91de50-42bca5ae-7a115b44
795,4797e0a8-8eefd27c-49d3e57a-6194c4c4-98068696
796,47ea6acd-8b407807-eecf4cc6-6e25e9e6-c86a0966
797,447aa937-aaa5b92b-23588e36-b056294e-ccd8091d
798,6634c06b-067670c0-014e0335-bc012735-38f04397
799,23579610-53c8fa3c-58fd0591-ac5b598e-485b4a2a
800,82c886b0-767751dc-e43834f7-54b25c78-032b0612
801,4df0c412-e01a6486-acd5ab0b-e6e4aa31-d6773e42
802,8c241a9d-6b7f7534-d3b4dec2-77ace551-780624a8
803,c808ea0b-998081e6-883830fa-568b42d4-301bcdcd
804,454d9f1a-a1a06236-cb3e6878-aca28ace-4af8dd2f
805,cdb025a6-ea0a3652-0483d567-3c1d8077-cea29f0b
806,e447798a-2d1af294-0d11e3ab-35286508-85dcf1c4
807,7c74a8ee-eebff476-c4d9483a-087d58f2-e93092cf
808,a33146b9-261e14d6-5c768173-bc803683-bac97470
809,36e73bcc-02a0174c-03d21a60-e442afe0-56a047d1
810,0ef43eb2-ba3a4b41-1808ad32-569f96a6-1e606374
811,1004bccd-c2a1dd49-608fd792-f1f1f173-ffec24f3
812,d940e7a9-559c248c-f6e05216-82a4fae8-7e84c087
813,b3277823-9192f9c5-89204fbd-88f59f6f-fdf6fc51
814,b5f7d92b-1bea7505-a54af6ee-c62ef386-95ecb256
815,86984a09-53add60f-d7a18edc-0fad0370-4a28d632
816,aefa4263-f868258f-d985b6e0-3add7fde-ed335ca5
817,ba86733f-022dc291-793e635a-29727e1e-9dad7179
818,21869e09-d73eea62-035063f1-2f271005-4eb55eba
819,9a5de822-17fbf839-cc9ee58c-c71d4911-87b788ee
820,8ab5f02a-1b33bf66-3f3e00c5-e8451493-8e2b4a72
821,7a7dd377-4f6a1f03-27aca801-0636d65d-94882626
822,4b1b1080-ecec0db7-3111bd15-30a835a7-1387e149
823,8c3b4864-b0082cc0-c6b71454-373cab30-a9d65359
824,0a90c3bb-3cf21ec9-835a1537-faf370a1-21053fd6
825,e48a3b16-4f58b9f8-55d2e5a8-8656defd-989711ce
826,0dda5129-7c030387-3c83d925-fae90635-d2f2c42f
827,b486c7fb-b4de7782-9eaf8319-74ea0453-a7628ecb
828,02b41933-ca4b4737-a90fecbe-227d7abf-ec5ddcca
829,794a2f97-f7281e02-2426f414-47fb5ee2-8c074504
830,7b2baa0e-0ccd9471-aeb95bf7-c991b526-85690b9d
831,81789f75-81d8bc70-780b9acd-d023c3f4-640a0229
832,ea583d2b-d8ef86e7-eeb70f57-e576b147-665f2ccd
833,1b0255ce-38d8c01c-c7a41d36-14a87efd-c6726f52
834,943df4ec-1d7940fe-bc4cc917-0f6d2b94-41fad99c
835,865de6c6-25704eab-a1f495cf-d8d2bdc3-f3e35f36
836,1bebccd9-0116530e-c58324a1-e8dce7b1-d71c1a62
837,e6b4e0e5-04de184a-f88c9fe0-086e740f-f590a51e
838,e98b03cb-07e0a46d-b4d9cace-8ae62967-718c5fb8
839,dc1a559d-d2bb9bbb-f2acd3ad-a064eac2-09649cc3
840,074d491b-86319af7-399069a5-b9297a08-0611007c
841,29e8aea1-676dbc69-ff27311a-6074e3ea-aec0c396
842,0296bcb3-7e060a83-7da71b29-63ddb0a0-d1fc30b4
843,a4a3b44c-cab19543-8326447f-f628d2c5-f70dea73
844,bbb607e8-19e42b89-86f563a0-92fb694e-ba6dc480
845,ab8f304a-9272e078-85f42a02-5b9b27a3-ea39e0ba
846,c86958cc-227a8c31-8723cb96-0a59f6fd-042aa183
847,e7cde21b-64b73cfd-a502911d-aa487720-a7e4d279
848,a92a30ca-eacb1676-84d7723a-3baf6f16-79c8cc55
849,a9f7b229-2a685293-b3096bbb-1f261fc9-4aa6ce94
850,488ebb53-6d5c84f6-8cf0d679-c949f6dc-188c3169
851,0f502a52-7d8fb5f0-91fd0fa6-39f88d77-b6f57c7f
852,9890efc6-777f6bb2-9f38c19f-b79e0c1a-ab336a47
853,7f52d3d1-2b462029-8ea67625-929d20ee-13fde7f5
854,e8331dab-1fd97f06-482d34e9-42c8985e-973161c6
855,e16a9d5c-17801488-28ba11c8-a5e364a8-89c4518d
856,2f9f452c-bd8170e0-d4cfe79e-fbf20077-0df42d35
857,24573d89-c493d8b8-beb2e177-eb3b52bf-41ca45f0
858,b8ba3688-c33f4901-68666539-5ac881b0-5bc5394c
859,402ec1ad-8a7ec057-bd0d04ec-2db0bbb5-44ebc4ed
860,2743a8ad-a4f5e346-eae0ed3d-8700669c-ad214942
861,762c66ff-7e033dcf-14e78d94-fb532b81-114aa55e
862,da781011-4ebc359f-79a46ecd-9034490e-dfaa2349
863,f38d7850-8933792e-a910d9a9-c57acc0e-d51fa4f0
864,d02b2581-dd51a585-e27ab238-2c8570ac-f0487d98
865,5d985035-a192a8f2-5c7b91ce-da6a76b1-5a2a9f6e
866,af74ad46-05b4b27b-7838a791-735d01d5-209c1dbf
867,31e8d519-254510ac-f6f72586-c455dfb3-b7969d60
868,a4ec1c74-fbf27e66-1fcc7d85-fdb5c991-b905fbf8
869,0c63b9e7-b6a72ae7-3843cef6-657708de-8ccee739
870,638f22fc-6677b3a4-08779f7c-00b1d427-5dcd4618
871,477892ce-13975458-ee67c728-f31d70f3-896d4f42
872,617d55bf-85884881-e9148c47-b91abc33-318904ad
873,367fa9fe-8f3600d2-d12f420f-6645d477-942c36f9
874,58049623-2c1a5d2e-12545df5-4e555744-c0582488
875,a0fb049a-b10069ab-6d75ba03-97ebd2f4-8706d914
876,57239032-3ffcd3d9-902dd83c-69ec4012-4dd35fae
877,0cda88ef-107dc98f-f0677889-14fc5ee7-ba0afe02
878,b07f9be6-d5c345a5-952fad3e-5e9af9d2-1023fabb
879,9adb7e32-9cec7e89-41aa460b-a0f7b9b4-5a53f20b
880,a4fa9312-801cbf79-8bba4e01-f042cb99-05a78100
881,41f4628d-3a6c7bdf-83f3187d-179970df-a99f7a86
882,398c4d05-44628b8d-e0310f0c-1e3efe85-95341858
883,6751667f-ec576bc3-8e7e44c5-00e2374d-64a3bdf7
884,e435656e-c2bcf67d-ac123c19-834cccab-4abceb1a
885,656b41f9-18687963-60edfd15-9f485798-03dcba10
886,018680d4-8fb864f0-dffebf54-bcba02ab-9b601e7a
887,75ca9ad7-d3ba82a8-64892dcf-604bde38-9d2fe899
888,584ec4d8-dc0248b5-2e319a49-f8b5fbc9-e78eed99
889,810de3b0-d4fd2bf4-84deffeb-a8d09b3f-f267aa06
890,6d7afdd9-611513e8-f13668c6-33969b05-c16f946a
891,69db68da-9a498a58-9d03e4f0-9ed08a13-f5893ee1
892,52ea7356-3e298e6e-41d09275-6cb75a3f-c77649de
893,922cba36-33ba1825-4d756c20-c4b3acd5-f6abafb1
894,1793e4df-5b1fd824-cb5d0f43-bc3531f4-40cf6c54
895,3326486a-4764e6da-90203714-6ba258a6-cb0987b3
896,383ae2d6-df4fa7cf-f1cbeb90-4d737878-2cae9d7c
897,679dac0d-77e119c4-8f4116ec-db53ac3a-4e0815fc
898,aedeea4e-eef7f4b3-f4566ef3-9a6be41b-e7981068
899,38ee9d84-10a38e82-51c33838-2527312a-b4042f34
900,2626db88-29e0af20-d8e5a5af-d6997170-e580a9bd
901,8d0cc62d-27dcceb6-11aa7e5e-9883298c-7d0d6d6c
902,513be44c-10e46a5f-e6ca83d2-903aef3c-bdd045fe
903,39569da5-84442d94-e0b3a9c1-3df22e4d-37c54b24
904,3d375fde-4549ff37-e5c0ef1d-a56625bc-3d371da5
905,b4ebd154-e11af34e-d4762186-1ba87f4b-505e3d78
906,3cd7b0d4-67263bc2-4cb34998-ca9a60f1-14e32bd4
907,319744fe-6a3e6f10-dc825eda-ac97f4df-da753751
908,ded25309-2ca56822-6b1d9c22-f92059e2-c1822dea
909,c7e8e2bc-4eec351f-7537ee20-ad4758af-5540e9f7
910,d1d4603a-2f2c5781-0f29fe50-1338392d-49c78b3e
911,14dcc1c0-16905483-05682973-aad8efcd-0304cc8f
912,c75c63ff-5099eac4-514044ea-c6878959-39ef4039
913,85a3f448-19491fce-f77ce1d9-903c960a-5a0a7f22
914,dc58a0c1-9ba9d2bc-4caa97f6-d422df57-c2c5107e
915,354413b1-7f6ee934-7b75e269-1bbe9b17-d1655fc6
916,a06609d8-57f41c76-af85d92f-93c2b1de-217c4189
917,25c690a5-88479e74-825db19c-64bc889f-ad878087
918,d8589659-4432db38-c23f4cf7-143cd712-538d0b75
919,527965ac-94636e2f-72b6537a-79c097b5-e702b31d
920,b493aaea-347970e3-1211c16d-bd779627-b7728822
921,504b6eb3-b6e3cc06-c28e8ee2-9aad222b-a5eac0d1
922,d13abe86-35877813-1c28f39b-69ec5dbd-c9eca288
923,192ff35d-9880caac-c306107f-dae984cd-75828ba0
924,ba0d97da-063ba253-fcbd8fde-bb0fde63-258398e4
925,6a64ba61-feecb2e3-8d3e34cd-f30b410e-1f12de2b
926,da0ed441-96da9ff1-8a3b72ba-61640a66-0e1c287a
927,cbc37eb1-a1d2e605-9a77e41a-df68974e-03575109
928,44b4f0d3-707daaa7-d4bf3715-2fc7d150-d097d68b
929,eb5867eb-c6e0381a-5ee06589-3d10668e-485b0e10
930,b38c1ab2-9d7e27dc-77ab8336-afec7929-d12054bf
931,cb6c25df-0142c110-8fcd3735-dd952723-de6e5a91
932,3d38598e-6b5c6625-3d8099ff-21178a58-ea7859a1
933,5cd3cbd7-429b709c-f6c57959-b3923547-44cd4b4f
934,32102641-d886c446-c2ccbbee-118f27a0-3ec9adff
935,06e85d00-409a93c9-6ffef562-74dbeec2-6a615f4f
936,f94dbe00-6a2a4944-c1dd5053-ea71b764-f4c5ebb5
937,37b60e30-05b7821f-c17f19d3-0177e522-0a54561f
938,46320a3a-fb2b1476-8c675d96-42dbec8d-f20ce68a
939,b9e01b73-f0e7b2f9-d4a6f661-4f9bd412-9c4fe1c2
940,949825d6-bdf8ef29-63ae0bb0-8453dde7-eafa24cc
941,93934945-8558558c-27fbd30e-b93e422c-2ab6da8d
942,07e1e6bf-1d6d9740-10f021c0-0a8229f8-2297c5ef
943,a1a3ceff-b6e414c7-ef3019a8-45660fd2-463e1079
944,bc33fd1f-ada69d81-6d03750d-675e1bb0-536f6b8e
945,7d9baef9-529ae5a5-647538b2-a2313951-3c1f42ef
946,feefc68a-0a26d0a0-65e4a2a0-b1efc19d-0abcd7d1
947,ea1fa8fb-cfc6b7cc-706e8d25-1f94cb8c-0d095386
948,b88f0fc9-8a4c3678-0a34d373-598c2d12-daf4f417
949,3cdd1f2c-2f2ea5a0-c4afa34e-cc30e1c6-bb32039f
950,9c5c9f70-5499fd6f-b612606d-ab74edeb-dd3cafcc
951,c3a8a376-a4621465-bb65ba5d-d8dd3daa-e3e005eb
952,dd5a9458-bbfe3f07-6770e519-029aac4e-cdfb9988
953,9e54009b-cc034275-2232ddeb-3e0ca168-a3064f7e
954,682b336f-09a8e704-ee274a79-5c8e5d90-6e9fd43f
955,fd8e22bf-b0b72a0d-4a32805e-a31b9baf-3cd9f21f
956,6e15893b-82aae303-75c0ced2-5c7a6cf8-2a6e0b72
957,41183cc7-29fa548f-28a3348b-7ab3dfc8-162c2882
958,af087304-c8f98696-8cdcc384-30c032dd-099eb1aa
959,f41599c9-addc3e1d-42ac18cd-2ad68f1b-6fbc5173
960,3134db8f-a170f7d3-54c0220a-08a2e07c-50ae890d
961,09d2c414-e5771ae7-08d7cd74-5c5ba589-38d283a8
962,5284cba1-73ab3bad-b668dd9c-9cd7284c-5a0905db
963,68f7e0e6-c40c074a-42023f0e-3846e342-fbb379f9
964,43fe2798-cd2f6b26-7b0584a2-4aacff16-d6bb8799
965,a47a9098-5ae2a886-156821e7-64bdf471-3c5295cd
966,cb8d9f21-d7867df3-814b1b0d-0cbb638f-7fd14268
967,cc683ad4-d98e3094-dd8db746-eca9cd7a-f3fd942c
968,28106a1a-fcc34818-db99798e-cd166eab-11ade8b7
969,ddd0bca6-9b7aea06-c2fe7bf2-d006174d-6622c4a2
970,51cfdf3a-480427cb-0fc543bf-65453add-1b5b8bb9
971,c417554c-4f7ad579-f33369e3-310ca3dc-d5a67422
972,ddad2d58-34709cbe-c4b4462e-0fefc53a-c03292dc
973,ea6a6b17-471bdaa5-1ca3b808-cf207a93-21c24ddc
974,5929fc34-8004ef02-055012b6-cc2268dd-a6252859
975,6a662d77-487926b8-281db3bd-435c728a-23e3affa
976,91e08b73-04b55312-fd8a9d6f-bedbcc79-38d8ab4f
977,655ca63b-91739e04-2121ab41-bb8734f9-d8fcd64b
978,80b49786-88a74899-70e7ecab-98cc7ca9-261155eb
979,b5cbe078-e42aad9e-35e36473-a7ce29d0-21319f57
980,ad126858-3904d3c7-13e487ee-79a9b1e2-55dbef5f
981,5f1ac54d-47dfae00-930fa704-514131fa-ee0c138e
982,fb53795f-72ab0dde-40f18b2a-67082c18-2df67b9e
983,8d01cc0f-cedc6c55-48ba8eb7-602509ce-832f2d7a
984,986924c0-88971ea1-620dc1ce-4ac984a6-f4f600ce
985,3c054e93-1b8ae453-69d85a19-3a5a3a3d-bf7f67c2
986,777f4e44-1a9924b9-1a753f46-d5f01d62-225dbc23
987,3585208b-6a11bfad-bea7b95e-71894d45-ce2303f5
988,8d840e16-6a5fc81f-7fe4f0b8-6052e54b-507d74a7
989,2f26e7c3-58ecf38f-4976f16e-061f5d31-01d6f8a0
990,6ba111a6-5a2d9336-005afd4a-46314a71-d647f4c9
991,2d97c2cf-fa064bc4-926d7a8f-36a81b07-f59fb37e
992,47c06bd5-c5bd9b95-c95944eb-7bc01559-a0afeaf4
993,19fc9e56-b2cd2486-cbfd7926-ae2d4343-2228e959
994,1a3fc5d7-b29579b6-beaf54aa-a7fde4bc-84ed8700
995,ecd3d7dd-5561deec-5ff7cf85-0ca734e3-cfbe0b9d
996,ab79192c-62b95431-10ed50cf-b34ee361-cc410717
997,445fde2d-8f80b5b5-fb567a45-a78ff0da-7a93d16b
998,076a5349-88bb9bda-2374918c-c4cf992b-2b6248f7
999,b96a0e37-58c07bab-a5dd12b9-ad43c6d3-7faf8190
1000,4850f270-c1d4f24f-dce8927b-b2259c3c-8bb4c986
1001,5c405cb5-414df3fd-57a04c46-8d9c7771-612e2672
1002,82f43a3b-f8b67cde-6ea58061-6f145d11-266b9f40
1003,1310e2b9-608461f9-84c730b9-a55b4be6-8bebecba
1004,71426e0c-8cb597cb-b632b6b7-a1e2d7d3-29f5038a
1005,82f95280-1613e7c7-ff927b41-adf5aa1d-8963f41e
1006,291a3ece-3412be54-831054c7-47c35f08-b179cc2f
1007,ea513897-66e83a9f-1d9c1f97-717f12ba-55fd63f5
1008,6a1cb6d5-80894741-d6dd8184-01883160-eac23c2e
1009,f79f46d3-74a520f1-3039fa3d-eef50e3d-a5ad3e59
1010,9c33c101-bcc3ccb8-5d65b0b5-d8bc48b2-a339ada8
1011,67e939eb-2bb3d1d9-05ca94fc-6699c1eb-5bdaab80
1012,da2ae2cd-4a35bbc9-b6049c66-681c935f-8b4d1aab
1013,78830bfd-5c6cded1-9c844764-6b3b5c2b-979da97b
1014,a5c51c89-89622969-5c075934-3d5ec461-d6e25a19
1015,9c01aecd-dc299044-a9fac53a-09a86bf1-58878e8a
1016,e88d062c-fed27e9f-bd163daf-d02bb4f0-d26dd112
1017,16344c71-8bd55bc8-952edb72-c361b4e8-c4980ee1
